Zip Code,Neighborhood
37013 ,Antioch / Cane Ridge
37027 ,Brentwood
37072 ,Goodlettsville
37076 ,Hermitage
37115 ,Madison
37138 ,Old Hickory
37201 ,Downtown Riverfront / SoBro
37203 ,Music Row / Edgehill / Vandy / West End Circle / Downtown (western) / The Gulch / Wedgewood Houston
37204 ,12 South / Belmont / Lipscomb / Green Hills / Oak Hill / Edgehill
37205 ,Belle Meade / West Meade / West Nashville
37206 ,Lower East Nashville / Lockeland Springs
37207 ,North Nashville / Dickerson Pike
37208 ,Germantown / TSU
37209 ,Sylvan Park / Sylvan Heights / The Nations / Charlotte Park
37210 ,Woodbine / Glencliff / Briley / Elm Hill
37211 ,South Nashville/ Whispering Hills / Brentioch / Lenox
37212 ,Music Row / Vanderbilt / Hillsboro Village / Belmont
37214 ,Donelson / Airport
37215 ,Green Hills / Forest Hills / Belle Meade
37216 ,Inglewood
37217 ,Edge-O-Lake / Priest Lake / Briley Parkway
37218 ,Bordeaux
37219 ,Downtown / Central Business District
37220 ,Oak Hill / Crieve Hall
37221 ,Bellevue